Feb 20 2021,The QAnon phenomenon has emerged in France – prompting President Emmanuel Macron’s government to order a multiagency inquiry on conspiracist movements scheduled to report back at the end of February,Brazil goes back to the streets demanding Bolsonaro’s removal,US deports 95-year-old former Nazi concentration camp guard from Tennessee to Germany,Facebook takes China cash to promote Uyghur disinformation,U.S. Deports Nazi Concentration Camp Guard To Germany,Argentina health minister resigns over COVID vaccine scandal,Niger votes in presidential runoff to usher in first democratic transition,"Cuban anti-Communist anthem featuring Gente de Zona goes viral, sparks state fury",Israel Secretly Agrees to Fund Vaccines for Syria as Part of Prisoner Swap,"Heavy clashes broke out between police and demonstrators in Barcelona for a fifth night on Saturday as thousands hit the streets across Spain to protest the jailing of a controversial rapper. Angry demonstrations first erupted on Tuesday after police detained Pablo Hasel, 32","Sorry, America: China is now Europe's biggest trading partner for goods",Prince Charles visits father Philip in hospital,Russia reports world's first cases of human infection with H5N8 bird flu.,Iran uses server in Netherlands for spying on dissidents,"[Pfizer] Vaccine prevents 98.9% of COVID deaths, Israel's Health Ministry data shows - 99.2% protective against serious illness, reduces chance of hospitalization by 98.9%",Alarm as Myanmar ships reach Malaysia to pick up detainees,Wall Street Charging Bull sculptor Arturo Di Modica 'dies aged 80',Myanmar police kill 2 in bloodiest day of anti-coup protests,Vaccinations pass 17 million as outdoor mixing could be allowed by Easter,Did you survive Covid? Maybe you can thank your Neanderthal ancestors,Russia reports first case of human infection with H5N8 bird flu,Coca-Cola has employees take training on how to 'be less white' to combat racism,Australia won't advertise COVID-19 vaccine on Facebook but vows publicity,Report of Illegal $80 Million Arms Transfer by Erik Prince to Libyan Warlord Raises Question of Who's Backing Former Blackwater CEO,Spain: Peaceful protests for jailed rapper see more clashes
Feb 21 2021,"The powerful interior minister of Libya's unity government survived an assassination attempt Sunday, an aide said, sparking fears of resurgent violence despite UN-led peace efforts","Israel demolishes about 90 Palestinian structures, displaces 146 Palestinians in 2 weeks: UN",The evidence of Syrian President Bashar Assad and his regime's legacy of war crimes,"Myanmar police open fire on protesters in Mandalay leaving at least two dead, say reports","Australia promises quick, independent probe into parliaments workplace culture after third rape accusation",France passes anti-radicalism bill that worries Muslims,'Name it for what it is': MPs implore PM to label China's treatment of Uighurs a genocide,Will countries link arms and make Facebook pay for news? - CNN Video,"Man Who Shoved Elderly Asian Woman RELEASED By Police Without Bail, 'Under Supervision'","Pfizer-BioNTech Shot Stops Covid Spread, Israeli Study Shows","U.K. Moves To Speed Up Vaccinations, With Goal Of 1st Dose For All Adults By July 31",Palestinian child says he was raped by Israeli interrogator,"India and China complete troop pull-out from lake area in the western Himalayas, setting the scene for disengagement",Saudi Arabia opens recruitment of women to join armed forces alongside their male counterparts for the first time,Iran's Supreme Leader Says Women In Cartoon Animations Must Wear Hijab,"Huge Floods in Jakarta, the capital of Indonesia","In Latin America, U.S. Popularity Is Already Bouncing Back","US-backed SDF militants steal 140,000 barrels per day of Syrian oil in Hasakah: Report",Arctic drilling plan in Alaska hits roadblock due to a lack of protection for polar bears,Court Finds Navalny Guilty In Libel Case,Covid 19 coronavirus: Jacinda Ardern says she will be publicly vaccinated — but not yet - NZ Herald,"As Myanmar Mourns Slain Protesters, Military Junta Threatens More Violence",Heart transplant breakthrough: NHS doctors become first in world to complete transplants in children using organs brought back to life by a machine,UK speeds up vaccinations: All adults get first coronavirus shot by July 31,Boeing 777s grounded by airlines after FAA issues emergency order
Feb 22 2021,"Revealed: 6,500 migrant workers have died in Qatar as it gears up for World Cup | Global development",Navy Veteran Dies After Police Allegedly Kneel on His Neck During Mental Health Crisis,"People with extremist views less able to do complex mental tasks, research suggests.",Canada’s parliament says China’s treatment of Uighurs is genocide,"Revealed: 6,500 migrant workers have died in Qatar as it gears up for World Cup | Global development",Canada calls China's treatment of Uighurs 'genocide' over Trudeau's objections,Israel places gag order on probe into oil spill that closed beaches and devastated wildlife,"Israel agrees to vaccinate Palestinian workers, Palestinian officials say",Flesh-eating disease spreading through Australia with health alert issued,"Top Beijing official overseeing Hong Kong declares ‘patriots’ must hold key roles in city’s executive, judiciary, legislature and statutory bodies","Global freshwater fish populations at risk of extinction, study finds",Japanese WHO expert casts doubt on China's cold-chain virus claim.,A French Pacific territory gets a pro-independence government,Russian Sentenced To Four Years In Prison For Role In Alleged Plot To Kill Georgian Journalist,NASA's Perseverance Rover Microphone Captures Sounds from Mars: A true chilling experience.,"Japan's Naked Festival Hadaka Matsuri - which usually sees 10,000 participants - has been cancelled for all but a select few 100",Palestinian vaccine drive faces funding shortfall: World Bank,"Georgian police on Tuesday arrested a top opposition leader and used tear gas in a violent raid on his party headquarters, further deepening a political crisis sparked by last year's disputed parliamentary elections",Chinese Official Signals Changes to Hong Kong Election Rules,Pranksters show how horrifying Boston Dynamics' police robot dog is by strapping a paintball gun to it,"Canada was too slow and risk-averse in funding domestic vaccine candidates, MPs told",A lifetime sentence': children of the gulag fight to return from exile,Facebook to restore Australian news pages after tweaks to news legislation,Facebook reverses ban on news pages in Australia,Facebook Strikes Deal to Restore News Sharing in Australia
Feb 23 2021,12 Japanese firms will end business deals involving Uighur forced labor,Covid-19 takes the life of the last male from Brazil’s indigenous Juma tribe,"Freshwater fish are in ""catastrophic"" decline with one-third facing extinction, report finds","COVID-denying, anti-vax doctor loses medical license",Justin Trudeau says US leadership has been 'sorely missed' during first meeting with Biden,Anti-Asian hate crimes up 717% in Canada,‘Human beings are not bartering chips’: Biden calls for China to release 2 Michaels,‘800 people’ killed in massacre at Ethiopia’s Ark of the Covenant,Last statue of dictator Franco removed in 'historic day' for Spain,Iranian woman who suffered fatal heart attack on the way to gallows after watching 16 others executed was hanged anyway.,"A Boeing 747 plane’s engine exploded in mid-air on Saturday over the Netherlands, dropping metal debris that injured two people. The explosion on the 747 aircraft took place on the same day as a similar incident on a 777 model in the US.",Pakistan MP Maulana Salahuddin Ayubi marries 14-year-old girl from Balochistan; police launch probe,Extinction: Freshwater fish in catastrophic decline,"China rejects genocide charge in Xinjiang region, says door is open to UN",UN report says Erik Prince violated arms embargo against Libya: report,"China has tried to intimidate Hong Kong activists in Germany, Berlin says",Brave and defiant Ghanaian journalist proudly comes out as gay on live TV,Beijing rebukes Canada over Uighur genocide vote,Indian judge sees no reason to detain climate activist charged with sedition,"China did 'little' to hunt for Covid origins in early months, says WHO document",Beach volleyball stars boycott Qatar tournament over bikini ban,Population crisis in South Korea as young couples choose not to have babies,Mystery Israel Oil Spill Is Its Worst Environmental Disaster in Years,Populism and conservative media linked to COVID-19 conspiracy beliefs - A new study in the journal Research &amp; Politics provides evidence that populist attitudes are correlated with conspiracy beliefs about COVID-19,A German court will hand down a historic verdict on Wednesday in the first court case worldwide over state-sponsored torture by the government of Syrian President Bashar al-Assad.
Feb 24 2021,"Hate crimes up 97% overall in Vancouver last year, anti-Asian hate crimes up 717%","Two men have been charged in Malta with providing the bomb that killed anti-corruption journalist Daphne Caruana Galizia. Described as a ""one-woman WikiLeaks"" who exposed cronyism and sleaze within Malta's political and business elite","North Korea hacked Pfizer because it wants to sell bootleg COVID vaccines on the international black market, sources say","Man dies after police kneel on his neck for nearly 5 minutes, family says in wrongful death claim",Government of Canada launches international space program to track illegal fishing,Ghost particle that crashed into Antarctica traced back to star shredded by black hole,2 dead after Philippine Police and Drug Enforcement Agents shoot at each other after undercover narcotics operation,US and allies to build 'China-free' tech supply chain,'Top Secret' Saudi documents show Khashoggi assassins used company seized by Saudi crown prince,Dozens catch Covid at indoor conference hosted by founder of Covid vaccine company,First successful birth of critically endangered Malayan tiger cubs at Wildlife Reserves Singapore in 23 years,‘Mutual suicide’: US issues stark warning on climate change,German court sentences former Syrian secret police agent to prison for 'aiding and abetting crimes against humanity'. The first such case worldwide.,Ramen-Loving Researcher Discovers that Tonkotsu Absorbs Radiation,Mexico's Decision to Ban Glyphosate Has Rocked the Agribusiness World,Sailor survives for 14 hours in Pacific Ocean by clinging to abandoned buoy,"China did 'little' to hunt for Covid origins in early months, says WHO document","John Bolton says Trump invited Kim Jong Un on Air Force One as he thought it'd be ""really cool""",U.S. report on Khashoggi death expected to single out Saudi crown prince - sources,Australian cannabis consumption increases 25% in 5 months valuing the industry at $18.5 billion,Amnesty strips Alexei Navalny of 'prisoner of conscience' status Rights group has been under pressure to condemn past statements by Kremlin critic,Hyundai Motor to replace battery systems in $900 million electric car recall,Arctic ice loss forces polar bears to use four times as much energy to survive,"6,500 migrant workers have died in Qatar as it gears up for World Cup","pfizer-BionTech vaccine is 94% effective, study of 1.2m people in Israel finds"
Feb 25 2021,Confirmed: Morocco Will Legalize Cannabis Next Week,United States carries out airstrike against Iranian-backed militia target in Syria - officials,Dutch parliament: China's treatment of Uighurs is genocide,"Yemen faces the worst famine the world has seen in decades, the U.N. warns",Biden administration preparing to sanction Russia for SolarWinds hacks and the poisoning of an opposition leader,"Gorilla loses appetite, lions develop cough after catching COVID-19 at Prague Zoo","Alexei Navalny: Jailed Putin Critic 'Moved Out of Moscow Prison' - ""Navalny lawyer Vadim Kobzev said he had arrived at the remand prison to meet his client only to be told that he was no longer there.""","Saudi heir complicit in Khashoggi murder, US assessment reportedly finds","Exhausted by COVID-19 fight, Portuguese nurses want pay not applause","Indian government opposes same-sex marriage in High Court, says same-sex marriage not comparable with ‘Indian family unit concept’","Saudi Crown Prince Implicated in Khashoggi Murder, U.S. Finds","UN calls on Israel to immediately stop demolishing Palestinian homes, buildings in West Bank","6,500 Migrant Workers Have Died in Qatar Since It Was Named FIFA World Cup Host","Attempted coup: Armenia in turmoil as thousands take to streets, military jets buzz capital",‘You preyed upon a young girl’: Uber driver jailed for five years after raping teenage passenger in Australia,Ukraine to disconnect from Russia and Belarus’ power systems by end of 2023,El Salvador certified as malaria-free by WHO,"Pakistan MP Who is in His Late Fifties, Marries 14-Year-Old Baloch Girl; Police Launch Probe",Monarch butterflies down 26% in Mexico wintering grounds,"Pakistan, India Agree to Immediate Ceasefire, Restoring 2003 Truce",Ghana Becomes First Low Income Country to Receive Free COVID-19 Vaccines,German man charged with giving Bundestag floor plans to Russian agents,"Federal Court unanimously declares Selangor Shariah law criminalising ‘unnatural sex’ void, unconstitutional",Enigmatic bird lost to science for 170 years rediscovered in Indonesia,Germany launches huge SWAT-team raids in Berlin after banning 'jihad-salafist' group
Feb 26 2021,U.S. intelligence concludes Saudi Crown Prince Mohammed bin Salman approved killing of journalist Jamal Khashoggi,"ISIS bride Shamima Begum not allowed to return to UK , Supreme Court rules","U.S. diplomats forced by China to undergo anal swab testing for Covid-19 after Biden raised ""fundamental concerns"" about Beijing's ""coercive and unfair economic practices and human rights abuses in Xinjiang.""","FBI Adds ‘Putin’s Chef’ to Wanted List, Offers $250K Reward",Taiwan urges people to eat more pineapples after China bans imports amid campaign of 'intimidation',"I left Britain to escape toxic press, Prince Harry says","U.S. military helicopters have been spotted repeatedly flying at low altitudes of 300 meters or less between Tokyo skyscrapers, contravening aviation regulations for Japanese aircraft",317 girls abducted from Nigerian school. Parents of kidnapped Nigerian girls tried to pull them out of school before they were taken,"Death of diesel looms as carmakers accelerate to electric future - The world’s biggest diesel engine factory in Tremery, eastern France, is undergoing a radical overhaul - it’s switching to make electric motors.",Harvard professor faces backlash from WWII sex slavery survivor and historians after calling 'comfort women' prostitutes,Russia releases video confirming it targeted Aleppo hospital with missile,"Don't be selfish - get a COVID shot, says UK's Queen Elizabeth",Biden raises human rights in call with Saudi King Salman,"Schoolgirl who joined ISIS cannot return to U.K., court says",Gunmen abduct 317 schoolgirls in northwest Nigeria as security collapses,Brazil's QAnon followers see Bolsonaro as God's chosen messenger,Australia accused of 'shamefully' holding back global action on climate change,"Gulf Stream is weakest it's been in more than 1,000 years, study says",U.S. Finally Admits It: Saudi Crown Prince Responsible For Jamal Khashoggi’s Murder,"A giant iceberg, larger than the size of most European cities, has broken away from Antarctica, near a British research station. The iceberg measuring 1,270 square kilometers (490 square miles) came off the 150-meter-thick Brunt Ice Shelf in a process called ""calving""",Judge in Google case disturbed that even 'Incognito' users are tracked - Google is accused of relying on pieces of its code within websites that use its analytics and advertising services to scrape users’ supposedly private browsing history and send copies of it to Google’s servers,Polish historian resigns state position over 2007 photos of him performing Nazi salute - Jewish Telegraphic Agency,Angelina Jolie’s campaign against ‘rape in war’ sees landmark UN sanctions imposed,Victoria bans single-use plastics by 2023 to slash amount going to landfill,U.N. Report: World Has Ten Months To Take Action on Climate
Feb 27 2021,"‘We Are Hitler’s People, Then and Now:’ Violent Hatred of Jews Exposed Among Students at Elite German University Fraternity",2 Vancouver police officers caught on video posing with dead man on Third Beach,"Amazon rainforest plots sold via Facebook Marketplace ads: Parts of Brazil's Amazon rainforest are being illegally sold on Facebook, the BBC has discovered.",Inuit voices grow louder in fight over Nunavut mine expansion that communities say will harm wildlife and cultural practices in northern Canada.,"Ethiopia Is Ethnically Cleansing Tigray Region, Says US Report","An ornate Roman chariot has been discovered ""almost intact"" near Italy’s buried city of Pompeii, the archaeological park announced on Saturday, calling it a discovery with ""no parallel"" in the country",Judge in Google case disturbed that 'incognito' users are tracked,A hair color code is being strictly enforced half of all senior high schools operated by the Tokyo municipal government. Students who come to class with wavy hair or locks that are not uniformly black are required to submit a document signed by their guardians stating that it is their natural look,Yemen's children starve as U.N. seeks billions to avoid vast 'man-made' famine,Bayer posts €10.5 billion loss after Roundup legal woes,First vaccine to fully immunize against malaria builds on pandemic-driven RNA tech,Scientists Discover Massive 'Pipeline' in the Cosmic Web Connecting the Universe,"Man killed by own Rooster during a cockfight, be being impaled in the groin by a knife attached to its feet","A massive prison break in Haiti has resulted in the escape of hundreds of inmates and the deaths of at least 25 people, including the prison's director and a notorious Haitian gang leader named Arnel Joseph.",Airstrikes in Syria kill 22 in Joe Biden's first military act as president • The Syrian Observatory For Human Rights,Russia releases video confirming it targeted Aleppo hospital with missile,Neo-Nazi Sentenced 19 Years For Planning To Bomb Synagogue After He Thought He Had Real Bombs,New Zealand's largest city Auckland back to lockdown after COVID-19 case,Indian man killed by his own rooster during cockfight,Mysterious Titanium Object With Russian Inscriptions Found in Bahamas,Cuba approves animal welfare law after civil society pressure,"Prisons should trial free cannabis, says UK's former chief drug adviser",Disgust at China's state-sponsored 'Uyghurface' in Wellington,Toronto has cancelled all events through Canada Day,Trump supporters who breached the Capitol: It was not Antifa
Feb 28 2021
Mar 01 2021
Mar 02 2021,"Cancel all planned coal projects globally to end ‘deadly addiction’, says UN chief","Australia confirms extinction of 13 more species, including first reptile since colonisation","Afghanistan: 3 female media workers shot dead. The women, who dubbed popular Turkish and Indian dramas at a local broadcaster, were gunned down in the province of Nangahar. The Taliban has denied any involvement","Japanese billionaire Yusaku Maezawa is accepting applicants for 8 all-expenses-paid tickets on his spaceflight around the moon on SpaceX's Starship – which Elon Musk is confident ""will be safe enough for human transport by 2023",NSW to trial free tampons and sanitary pads in public schools,"Senior diplomat labels Australians who criticise China ‘scumbags’, embassy omits insult in English translation",India woos Tesla with offer of cheaper production costs than China,"Protesters blocked roads with burning tyres and dumpsters across Lebanon on Tuesday after the currency tumbled to a new low in a financial meltdown that has fueled poverty. ""We can't bear it anymore...The dollar is going up and they don't care about us. They're still dividing up their gains""",Seoul city's population drops below 10 mil. for first time in 32 years,Rio Tinto chief to step down over cave destruction,"Pope Francis, on a historic trip to Iraq, will on Saturday hold a hugely symbolic meeting with Grand Ayatollah Ali Sistani, seeking to deepen his cautious dialogue with Muslim leaders",Chinese court backs publisher of textbook calling homosexuality 'psychological disorder',Call for Chief Justice of India to step down over offer to rapist,China’s spending on Research and Development hits a staggering record: $378 billion in 2020 (US spent $134 billion),Journalists Detained For Covering Democracy Demonstrations In Myanmar Face Prison,Dutch cancel online mission to Qatar due to World Cup worker deaths - DutchNews.nl,Variant Found in Brazil Could Evade Immunity from Past Infection,EU likely to introduce ‘vaccine certificate’ to ease travel during summer holidays,Japanese billionaire seeks eight people to fly to moon,"US, EU impose sanctions on Russia over poisoning of Alexei Navalny",Another 12 Australian animals now extinct,Christian Porter: Australian attorney general denies rape allegation,Australia armed forces called in to support COVID-19 immunization drive,Hundreds of Nigerian schoolgirls released days after kidnapping,"Bail hearing for 47 Hong Kong democrats facing security law charges drags on, with four hospitalised due to exhaustion"
Mar 03 2021,At least nine dead in Myanmar as police open fire with live rounds across several cities,Google to stop selling ads based on your browsing history and drop cookies support for Chrome citing privacy concerns,China make Covid anal swabs mandatory for all foreign arrivals,UK will no longer use bee-harming pesticide,‘Incel’ Toronto Van Killer Found Guilty of Murdering 10 People,"‘Chinese virus, get out!’: lecturer beaten in UK amid spike in hate crimes","Sweden: Eight people stabbed in suspected terrorist attack, police shoot attacker",Thousands demand India's chief justice quit for suggesting accused rapist marry schoolgirl victim,Myanmar security forces kill at least 33 protesters,Leaked Chinese report suggests it is forcing Uighurs to take jobs thousands of miles away to change the demographics of their homeland,"Scientists fear melting ice is causing the Gulf Stream to disappear, causing Europe to be much colder and drier",'Everything will be OK': slain Myanmar teen's T-shirt slogan spurs defiance,"""We know that we can always get shot and killed with live bullets but there is no meaning to staying alive under the junta,"" says a Myanmar activist.","Hong Kong axed from economic freedom index after years at top spot, now ranked 107th as part of China",Freedom House: Global Decline In Democracy Has 'Accelerated',Purrfect rescue: Thai navy scrambles to save cats from sinking ship,EU law requires companies to fix electronic goods for up to 10 years,"The sad, quiet death of Brazil’s anti-corruption task-force",Dutch Covid test centre hit by suspected bomb attack,"Volcano near Reykjavík, Iceland about to erupt",Thousands demand India's chief justice quit for suggesting accused rapist marry schoolgirl victim,"Biden refused to sanction MBS over Khashoggi's murder because he doesn't want his relationship with Saudi Arabia to get worse, officials say","China will bully the West like Hong Kong if governments do not reduce ties, report warns",President of the Central Bank of Iceland calls bitcoin “financial pyramid”,Large glowing sharks discovered lurking in New Zealand waters
Mar 04 2021,Judge refuses to name fame-craving 'incel' killer as she convicts him of 10 murders:,The Majority of France Would Legalise Recreational Cannabis,Irony as Sahara dust returns radiation of French nuclear tests in '60s,"Scotland would ‘fare better’ outside the UK, more than two thirds of Scots say","17,000 earthquakes hit Iceland in the past week. An eruption could be imminent","Aged 118, the world's oldest living person will carry the Olympic flame in Japan",U.S. blocked Myanmar junta attempt to empty $1 billion New York Fed account - sources,"Stop murdering and jailing protestors, UN human rights chief tells Myanmar military","US decision not to punish crown prince puts us in grave danger, Saudi exiles say. Dissidents decry lack of sanctions for Mohammed bin Salman over Khashoggi killing and warn of ‘permanent impunity’ for Saudi heir","China’s 6 million ‘black lung’ workers living on just US$61 a month, with most struggling to survive","China will give itself power to veto any candidate for Hong Kong’s legislature, according to a draft proposal described on Friday by a top Chinese lawmaker that represents a significant blow to the city’s already limited democracy.",Romania to ban Chinese companies from big infrastructure projects,COVID-19 vaccine confidence grows as side effect worries fade,"17% of food production globally wasted, UN report estimates","Three Tibetan teens arrested, and one tortured for failure to register WeChat group","Myanmar a 'war zone' as security forces open fire on peaceful protesters, killing 38",Smugglers Throw Migrants Overboard; at Least 20 Are Feared Drowned,"Catholic clergy in France abused more than 10,000 child victims, independent commission estimates",Tsunami warning for islands in the Pacific after New Zealand earthquakes,'I will shoot whoever I see': Myanmar soldiers use TikTok to threaten protesters,"Nearly one in five Chinese-Australians threatened or attacked in past year, survey finds",First tsunami waves hit NZ after 7.3M earthquake off the North Island,"Angel, also known as Kyal Sin, was shot in the head during a protest in Myanmar. Earlier this week, she had posted details of her blood type and a request to donate her organs if she died.",Khashoggi's fiancee criticises lack of action against Saudi crown prince,Trudeau says China invented charges for Canadian detainees after Meng's arrest
Mar 05 2021,Quake-ravaged part of Croatia sees gaping sinkholes emerge,China says will deter Taiwan independence but seek peaceful ties,Thousands of Android and iOS Apps Leak Data From the Cloud,Volkswagen core brand to accelerate electric vehicle shift - Reuters,"Nationalism on natural resources is surging, and could spell danger for commodities",Covid: Bolsonaro tells Brazilians to ‘stop whining’ as deaths spike,Increasing evidence that Myanmar's military forces are shooting to kill,"Myanmar police open fire, kill one; U.N. Security Council due to meet on crisis",Senegal restricts internet as protests escalate,China unveils Hong Kong electoral changes as it tightens grip on city,China NPC: Beijing set to overhaul Hong Kong electoral system,China NPC: Beijing set to overhaul Hong Kong electoral system,Covid-19: Cyprus to welcome vaccinated UK tourists from May,Facebook rainforest ads: Inquiry ordered into Amazon land sales,COVID-19 testing rolls out for people entering Canada at 11 more land border crossings,Pope Francis leaves Rome at start of risky trip to Iraq,COVID-19: Australia hits back as Italy blocks vaccine shipment - and suggests EU is 'tearing up rule book' | World News,Belarus asks Lithuania to extradite opposition leader,COVAX offers hope of vaccine equality with roll out across Africa,Coronavirus live news: WHO 'to scrap' interim Wuhan report; UK investigating new variant,CNN Exclusive: Meet Japan's 118-year-old Olympic torch bearer,Pope due in Iraq despite virus and security risks,China unveils Hong Kong electoral changes as Beijing tightens grip,South Korea fires army general after yet another ‘disappointing’ defection,"French minister Beaune: EU must be united over Russian, Chinese vaccines"
Mar 06 2021
Mar 07 2021,"100 days and 248 deaths later, Indian farmers remain determined",Senegal protests: The country is on the verge of an apocalypse,Senegal: 4 Killed in Clashes Between Activists and Police After Opposition Leader Ousmane Sonko Arrested,Etna keeps up its spectacular explosions; ash rains on towns,Senegal protests: The country is ‘on the verge of an apocalypse’,"At least 20 dead, 600 wounded in explosions in Equatorial Guinea","Huge blasts in Equatorial Guinea’s Bata kill many, wound hundreds","Scores of Rohingya who fled persecution in Myanmar are being held in a detention centre in the Indian territory of Jammu and Kashmir, an official said Sunday, after being rounded up ahead of their expected deportation to the protest-wracked nation",Over 200 Kids in Sweden Diagnosed with Long-term Covid-19 Symptoms with Some Being Bed-ridden,Switzerland narrowly votes to ban face covering in public,Eurovision song protest: Orthodox Christians demand withdrawal of Cyprus' 'satanic' Eurovision entry,Protests erupt across Myanmar; Suu Kyi party official dies in custody,best quality equipment for every australian commercial kitchen simco introduces high value range,simco launches latest commercial benchtop catering equipment range,Russian Intelligence Linked to Spread of False Info About COVID-19 Vaccines,Germany’s CDU rocked by pandemic procurement scandal,Score This Stunning Lace Crochet Top Just in Time for Spring,The iMac Pro is being discontinued,Gillmor Gang: Win Win,Short Kings,"Russian Disinformation Campaign Aims to Undermine Confidence in Pfizer, Other Covid-19 Vaccines, U.S. Officials Say",Trail Network to Extend to Rehoboth Beach in Delaware https://ift.tt/eA8V8J,Kyle Larson Celebrates Return With 1st Win Since Suspension https://ift.tt/eA8V8J,"Indians Minus Ramírez, Reyes After They Break Virus Protocol https://ift.tt/eA8V8J","At least 20 dead, 600 wounded in Equatorial Guinea blasts"
Mar 08 2021,India is trying to build its own internet,Switzerland is banning Muslims from wearing a niqab or burqa in public,"Several thousand demonstrators massed in Barcelona for a socially-distanced International Women's Day march after a day of national rallies except in Madrid, where gatherings were banned over the virus. Wearing purple masks and brandishing signs reading ""No means no""","Young men are giving up on sex to play video games, study finds",CDC releases highly anticipated guidance for people fully vaccinated against Covid-19,カメラとレンズの月額レンタルサービスのCam’Lens（カメレン）,International Women’s Day: Title IX allows biological males to compete in women’s sports in the U.S. this must end,"Explosion kills 3 Gaza fishermen, Hamas rocket suspected",US COVID-19 deaths increase to 19; 2 announced Saturday,عاجل.. إصابة رئيس عربى وزوجته بكورونا اليوم وكيف تزوجا رغم اختلاف مذهبهم...,Critics Choice Awards 2021: Gal Gadot &amp; More Wear Sexy Pant Suits For Virtual Red Carpet At Home,New video by KAILASA's Nithyananda on YouTube,"Here's the Shocking Advice Meghan Markle Was Given as a New Royal: ""Be 50 Percent Less""",The Pandemic’s Silver Lining? This Village May Have Been Saved by It.,Red Sonja artist Frank Thorne dead at 90,Meghan Markle Called the Queen After Prince Philip’s Hospitalization,Living Siddhar || Useful information For Devotees|| Spiritual Seekers!||...,30+ Hot Car Selfies,48 Hottest ‘Over Back’ Pics,"From electric charging to supply chain management, InMotion Ventures preps Jaguar for a sustainable future",Announcing the agenda for TC Early Stage – Operations &amp; Fundraising,Family Photo! Pregnant Meghan Markle Holds Son Archie in New Baby Bump Pic,21 Mega-Affordable Fashion Staples for Spring — All Under $25,Waymo simulated real-world crashes to prove its self-driving cars can prevent deaths,Your Tuesday Briefing
Mar 09 2021,Bangladesh's first transgender news reader makes debut - BBC News,India's huge efforts in combating global pandemic is a story that's not really getting out in the world. -Dr Peter Hotez,"Immigration repatriates 200,000 illegal Haitians in 2 months",Myanmar police raid homes in search of protesters,Tech’s Legal Shield Appears Likely to Survive as Congress Focuses on Details,Domestic abusers to be fitted with GPS tags to stop them breaching orders,Holly Willoughby shares rare pic of daughter Belle and praises her 'magic',James Argent says he's on the road to recovery and 'positive' about the future,Khám phá độ dày của tôn lợp mái phổ biến hiện nay,Huawei’s international employees reveal the real reason behind America’s sanctions of Huawei,KeyShot Pro 9.0.289 Crack Key Generator Free Download,"Brussels (Brussels Morning) Bundestag representative Nikolas Löbel, a member of Chancellor Angela Merkel’s Christian Democratic Union (CDU), resigned his seat in the German federal parliament on Monday, after his role in a face mask procurement scandal was revealed, Deutsche Welle reported.","Rising oil prices may increase Nigeria revenue, but impact may be little","Butadiene (BD) Prices, News, Market Analysis","If you're looking for the next game to play, Gods Unchained is giving away $20 to each person who completes some simple in-game missions. If you enter this code when signing up: hAMslwnWIS I get $5 too! https://godsunchained.com/learn/spgp?referral=hAMslwnWIS","Support Local Brands, Zalora Presents Cottonink Group Fashion Collection",الإمارات: استمرار هجمات الحوثي ضد السعودية تصعيد خطير,باب “الجزيرة” القطرية المشرع أمام قيادات الحوثي يغضب آلاف السعوديين,LHG Daily 08-03-2020,How Many Ounces in a Quarter Cup?,Send Messages To An Enormous Crowd With Bulk SMS API India,Meghan's father suggests she exaggerated royal racism,Women&amp;#x27;s Day: Protesters clash with police in Mexico,بذكرى ميلاد عادل ادهم أمس..لن تتخيلوا مافعله إبنه ومن زوجتيه وماعلاقة حب...,Humanitarian crisis looms on Chile-Bolivia border as migrants cross on foot
